Unnamed: 0,model,recall,precision,model_name,model_type
500,multi-frame-adv-mist-aug,0.0,1.0,adv-mist-aug,multi-frame
501,multi-frame-adv-mist-aug,0.01,1.0,adv-mist-aug,multi-frame
502,multi-frame-adv-mist-aug,0.02,1.0,adv-mist-aug,multi-frame
503,multi-frame-adv-mist-aug,0.03,1.0,adv-mist-aug,multi-frame
504,multi-frame-adv-mist-aug,0.04,1.0,adv-mist-aug,multi-frame
505,multi-frame-adv-mist-aug,0.05,1.0,adv-mist-aug,multi-frame
506,multi-frame-adv-mist-aug,0.06,1.0,adv-mist-aug,multi-frame
507,multi-frame-adv-mist-aug,0.07,1.0,adv-mist-aug,multi-frame
508,multi-frame-adv-mist-aug,0.08,1.0,adv-mist-aug,multi-frame
509,multi-frame-adv-mist-aug,0.09,1.0,adv-mist-aug,multi-frame
510,multi-frame-adv-mist-aug,0.1,1.0,adv-mist-aug,multi-frame
511,multi-frame-adv-mist-aug,0.11,1.0,adv-mist-aug,multi-frame
512,multi-frame-adv-mist-aug,0.12,1.0,adv-mist-aug,multi-frame
513,multi-frame-adv-mist-aug,0.13,1.0,adv-mist-aug,multi-frame
514,multi-frame-adv-mist-aug,0.14,1.0,adv-mist-aug,multi-frame
515,multi-frame-adv-mist-aug,0.15,1.0,adv-mist-aug,multi-frame
516,multi-frame-adv-mist-aug,0.16,1.0,adv-mist-aug,multi-frame
517,multi-frame-adv-mist-aug,0.17,1.0,adv-mist-aug,multi-frame
518,multi-frame-adv-mist-aug,0.18,1.0,adv-mist-aug,multi-frame
519,multi-frame-adv-mist-aug,0.19,1.0,adv-mist-aug,multi-frame
520,multi-frame-adv-mist-aug,0.2,1.0,adv-mist-aug,multi-frame
521,multi-frame-adv-mist-aug,0.21,1.0,adv-mist-aug,multi-frame
522,multi-frame-adv-mist-aug,0.22,1.0,adv-mist-aug,multi-frame
523,multi-frame-adv-mist-aug,0.23,1.0,adv-mist-aug,multi-frame
524,multi-frame-adv-mist-aug,0.24,1.0,adv-mist-aug,multi-frame
525,multi-frame-adv-mist-aug,0.25,1.0,adv-mist-aug,multi-frame
526,multi-frame-adv-mist-aug,0.26,1.0,adv-mist-aug,multi-frame
527,multi-frame-adv-mist-aug,0.27,1.0,adv-mist-aug,multi-frame
528,multi-frame-adv-mist-aug,0.28,1.0,adv-mist-aug,multi-frame
529,multi-frame-adv-mist-aug,0.29,1.0,adv-mist-aug,multi-frame
530,multi-frame-adv-mist-aug,0.3,1.0,adv-mist-aug,multi-frame
531,multi-frame-adv-mist-aug,0.31,1.0,adv-mist-aug,multi-frame
532,multi-frame-adv-mist-aug,0.32,1.0,adv-mist-aug,multi-frame
533,multi-frame-adv-mist-aug,0.33,1.0,adv-mist-aug,multi-frame
534,multi-frame-adv-mist-aug,0.34,1.0,adv-mist-aug,multi-frame
535,multi-frame-adv-mist-aug,0.35,1.0,adv-mist-aug,multi-frame
536,multi-frame-adv-mist-aug,0.36,1.0,adv-mist-aug,multi-frame
537,multi-frame-adv-mist-aug,0.37,1.0,adv-mist-aug,multi-frame
538,multi-frame-adv-mist-aug,0.38,1.0,adv-mist-aug,multi-frame
539,multi-frame-adv-mist-aug,0.39,1.0,adv-mist-aug,multi-frame
540,multi-frame-adv-mist-aug,0.4,1.0,adv-mist-aug,multi-frame
541,multi-frame-adv-mist-aug,0.41,1.0,adv-mist-aug,multi-frame
542,multi-frame-adv-mist-aug,0.42,1.0,adv-mist-aug,multi-frame
543,multi-frame-adv-mist-aug,0.43,1.0,adv-mist-aug,multi-frame
544,multi-frame-adv-mist-aug,0.44,1.0,adv-mist-aug,multi-frame
545,multi-frame-adv-mist-aug,0.45,1.0,adv-mist-aug,multi-frame
546,multi-frame-adv-mist-aug,0.46,1.0,adv-mist-aug,multi-frame
547,multi-frame-adv-mist-aug,0.47,1.0,adv-mist-aug,multi-frame
548,multi-frame-adv-mist-aug,0.48,1.0,adv-mist-aug,multi-frame
549,multi-frame-adv-mist-aug,0.49,1.0,adv-mist-aug,multi-frame
550,multi-frame-adv-mist-aug,0.5,0.9981884057971014,adv-mist-aug,multi-frame
551,multi-frame-adv-mist-aug,0.51,0.9962246376811594,adv-mist-aug,multi-frame
552,multi-frame-adv-mist-aug,0.52,0.9942608695652172,adv-mist-aug,multi-frame
553,multi-frame-adv-mist-aug,0.53,0.9922718892033272,adv-mist-aug,multi-frame
554,multi-frame-adv-mist-aug,0.54,0.9901996684103708,adv-mist-aug,multi-frame
555,multi-frame-adv-mist-aug,0.55,0.9881656804733728,adv-mist-aug,multi-frame
556,multi-frame-adv-mist-aug,0.56,0.9881656804733728,adv-mist-aug,multi-frame
557,multi-frame-adv-mist-aug,0.5700000000000001,0.9881656804733728,adv-mist-aug,multi-frame
558,multi-frame-adv-mist-aug,0.58,0.9881656804733728,adv-mist-aug,multi-frame
559,multi-frame-adv-mist-aug,0.59,0.9881656804733728,adv-mist-aug,multi-frame
560,multi-frame-adv-mist-aug,0.6,0.9881656804733728,adv-mist-aug,multi-frame
561,multi-frame-adv-mist-aug,0.61,0.9881656804733728,adv-mist-aug,multi-frame
562,multi-frame-adv-mist-aug,0.62,0.9881656804733728,adv-mist-aug,multi-frame
563,multi-frame-adv-mist-aug,0.63,0.9881656804733728,adv-mist-aug,multi-frame
564,multi-frame-adv-mist-aug,0.64,0.9873726450384276,adv-mist-aug,multi-frame
565,multi-frame-adv-mist-aug,0.65,0.9825665756230796,adv-mist-aug,multi-frame
566,multi-frame-adv-mist-aug,0.66,0.9801980198019802,adv-mist-aug,multi-frame
567,multi-frame-adv-mist-aug,0.67,0.9801980198019802,adv-mist-aug,multi-frame
568,multi-frame-adv-mist-aug,0.68,0.9801980198019802,adv-mist-aug,multi-frame
569,multi-frame-adv-mist-aug,0.6900000000000001,0.9801980198019802,adv-mist-aug,multi-frame
570,multi-frame-adv-mist-aug,0.7000000000000001,0.9801980198019802,adv-mist-aug,multi-frame
571,multi-frame-adv-mist-aug,0.71,0.9801980198019802,adv-mist-aug,multi-frame
572,multi-frame-adv-mist-aug,0.72,0.9801980198019802,adv-mist-aug,multi-frame
573,multi-frame-adv-mist-aug,0.73,0.9801980198019802,adv-mist-aug,multi-frame
574,multi-frame-adv-mist-aug,0.74,0.9801980198019802,adv-mist-aug,multi-frame
575,multi-frame-adv-mist-aug,0.75,0.976303317535545,adv-mist-aug,multi-frame
576,multi-frame-adv-mist-aug,0.76,0.976303317535545,adv-mist-aug,multi-frame
577,multi-frame-adv-mist-aug,0.77,0.97196261682243,adv-mist-aug,multi-frame
578,multi-frame-adv-mist-aug,0.78,0.936875,adv-mist-aug,multi-frame
579,multi-frame-adv-mist-aug,0.79,0.932948089921774,adv-mist-aug,multi-frame
580,multi-frame-adv-mist-aug,0.8,0.9292570090853352,adv-mist-aug,multi-frame
581,multi-frame-adv-mist-aug,0.81,0.915091346153846,adv-mist-aug,multi-frame
582,multi-frame-adv-mist-aug,0.8200000000000001,0.9083532041728762,adv-mist-aug,multi-frame
583,multi-frame-adv-mist-aug,0.8300000000000001,0.8879917953230753,adv-mist-aug,multi-frame
584,multi-frame-adv-mist-aug,0.84,0.8775758673792916,adv-mist-aug,multi-frame
585,multi-frame-adv-mist-aug,0.85,0.867159939435508,adv-mist-aug,multi-frame
586,multi-frame-adv-mist-aug,0.86,0.8270853210584435,adv-mist-aug,multi-frame
587,multi-frame-adv-mist-aug,0.87,0.7776523780301009,adv-mist-aug,multi-frame
588,multi-frame-adv-mist-aug,0.88,0.7282194350017583,adv-mist-aug,multi-frame
589,multi-frame-adv-mist-aug,0.89,0.6787864919734159,adv-mist-aug,multi-frame
590,multi-frame-adv-mist-aug,0.9,0.6293535489450733,adv-mist-aug,multi-frame
591,multi-frame-adv-mist-aug,0.91,0.5799206059167308,adv-mist-aug,multi-frame
592,multi-frame-adv-mist-aug,0.92,0.0,adv-mist-aug,multi-frame
593,multi-frame-adv-mist-aug,0.93,0.0,adv-mist-aug,multi-frame
594,multi-frame-adv-mist-aug,0.94,0.0,adv-mist-aug,multi-frame
595,multi-frame-adv-mist-aug,0.95,0.0,adv-mist-aug,multi-frame
596,multi-frame-adv-mist-aug,0.96,0.0,adv-mist-aug,multi-frame
597,multi-frame-adv-mist-aug,0.97,0.0,adv-mist-aug,multi-frame
598,multi-frame-adv-mist-aug,0.98,0.0,adv-mist-aug,multi-frame
599,multi-frame-adv-mist-aug,0.99,0.0,adv-mist-aug,multi-frame
400,multi-frame-adv-mist-more-var,0.0,1.0,adv-mist-more-var,multi-frame
401,multi-frame-adv-mist-more-var,0.01,1.0,adv-mist-more-var,multi-frame
402,multi-frame-adv-mist-more-var,0.02,1.0,adv-mist-more-var,multi-frame
403,multi-frame-adv-mist-more-var,0.03,1.0,adv-mist-more-var,multi-frame
404,multi-frame-adv-mist-more-var,0.04,1.0,adv-mist-more-var,multi-frame
405,multi-frame-adv-mist-more-var,0.05,1.0,adv-mist-more-var,multi-frame
406,multi-frame-adv-mist-more-var,0.06,1.0,adv-mist-more-var,multi-frame
407,multi-frame-adv-mist-more-var,0.07,1.0,adv-mist-more-var,multi-frame
408,multi-frame-adv-mist-more-var,0.08,1.0,adv-mist-more-var,multi-frame
409,multi-frame-adv-mist-more-var,0.09,1.0,adv-mist-more-var,multi-frame
410,multi-frame-adv-mist-more-var,0.1,1.0,adv-mist-more-var,multi-frame
411,multi-frame-adv-mist-more-var,0.11,1.0,adv-mist-more-var,multi-frame
412,multi-frame-adv-mist-more-var,0.12,1.0,adv-mist-more-var,multi-frame
413,multi-frame-adv-mist-more-var,0.13,1.0,adv-mist-more-var,multi-frame
414,multi-frame-adv-mist-more-var,0.14,1.0,adv-mist-more-var,multi-frame
415,multi-frame-adv-mist-more-var,0.15,1.0,adv-mist-more-var,multi-frame
416,multi-frame-adv-mist-more-var,0.16,1.0,adv-mist-more-var,multi-frame
417,multi-frame-adv-mist-more-var,0.17,1.0,adv-mist-more-var,multi-frame
418,multi-frame-adv-mist-more-var,0.18,1.0,adv-mist-more-var,multi-frame
419,multi-frame-adv-mist-more-var,0.19,1.0,adv-mist-more-var,multi-frame
420,multi-frame-adv-mist-more-var,0.2,1.0,adv-mist-more-var,multi-frame
421,multi-frame-adv-mist-more-var,0.21,1.0,adv-mist-more-var,multi-frame
422,multi-frame-adv-mist-more-var,0.22,1.0,adv-mist-more-var,multi-frame
423,multi-frame-adv-mist-more-var,0.23,1.0,adv-mist-more-var,multi-frame
424,multi-frame-adv-mist-more-var,0.24,1.0,adv-mist-more-var,multi-frame
425,multi-frame-adv-mist-more-var,0.25,1.0,adv-mist-more-var,multi-frame
426,multi-frame-adv-mist-more-var,0.26,1.0,adv-mist-more-var,multi-frame
427,multi-frame-adv-mist-more-var,0.27,1.0,adv-mist-more-var,multi-frame
428,multi-frame-adv-mist-more-var,0.28,1.0,adv-mist-more-var,multi-frame
429,multi-frame-adv-mist-more-var,0.29,1.0,adv-mist-more-var,multi-frame
430,multi-frame-adv-mist-more-var,0.3,1.0,adv-mist-more-var,multi-frame
431,multi-frame-adv-mist-more-var,0.31,1.0,adv-mist-more-var,multi-frame
432,multi-frame-adv-mist-more-var,0.32,1.0,adv-mist-more-var,multi-frame
433,multi-frame-adv-mist-more-var,0.33,1.0,adv-mist-more-var,multi-frame
434,multi-frame-adv-mist-more-var,0.34,1.0,adv-mist-more-var,multi-frame
435,multi-frame-adv-mist-more-var,0.35,1.0,adv-mist-more-var,multi-frame
436,multi-frame-adv-mist-more-var,0.36,1.0,adv-mist-more-var,multi-frame
437,multi-frame-adv-mist-more-var,0.37,1.0,adv-mist-more-var,multi-frame
438,multi-frame-adv-mist-more-var,0.38,1.0,adv-mist-more-var,multi-frame
439,multi-frame-adv-mist-more-var,0.39,1.0,adv-mist-more-var,multi-frame
440,multi-frame-adv-mist-more-var,0.4,1.0,adv-mist-more-var,multi-frame
441,multi-frame-adv-mist-more-var,0.41,1.0,adv-mist-more-var,multi-frame
442,multi-frame-adv-mist-more-var,0.42,1.0,adv-mist-more-var,multi-frame
443,multi-frame-adv-mist-more-var,0.43,1.0,adv-mist-more-var,multi-frame
444,multi-frame-adv-mist-more-var,0.44,1.0,adv-mist-more-var,multi-frame
445,multi-frame-adv-mist-more-var,0.45,1.0,adv-mist-more-var,multi-frame
446,multi-frame-adv-mist-more-var,0.46,1.0,adv-mist-more-var,multi-frame
447,multi-frame-adv-mist-more-var,0.47,1.0,adv-mist-more-var,multi-frame
448,multi-frame-adv-mist-more-var,0.48,1.0,adv-mist-more-var,multi-frame
449,multi-frame-adv-mist-more-var,0.49,1.0,adv-mist-more-var,multi-frame
450,multi-frame-adv-mist-more-var,0.5,1.0,adv-mist-more-var,multi-frame
451,multi-frame-adv-mist-more-var,0.51,1.0,adv-mist-more-var,multi-frame
452,multi-frame-adv-mist-more-var,0.52,1.0,adv-mist-more-var,multi-frame
453,multi-frame-adv-mist-more-var,0.53,1.0,adv-mist-more-var,multi-frame
454,multi-frame-adv-mist-more-var,0.54,1.0,adv-mist-more-var,multi-frame
455,multi-frame-adv-mist-more-var,0.55,1.0,adv-mist-more-var,multi-frame
456,multi-frame-adv-mist-more-var,0.56,1.0,adv-mist-more-var,multi-frame
457,multi-frame-adv-mist-more-var,0.5700000000000001,0.997267441860465,adv-mist-more-var,multi-frame
458,multi-frame-adv-mist-more-var,0.58,0.994186046511628,adv-mist-more-var,multi-frame
459,multi-frame-adv-mist-more-var,0.59,0.994186046511628,adv-mist-more-var,multi-frame
460,multi-frame-adv-mist-more-var,0.6,0.994186046511628,adv-mist-more-var,multi-frame
461,multi-frame-adv-mist-more-var,0.61,0.9887640449438202,adv-mist-more-var,multi-frame
462,multi-frame-adv-mist-more-var,0.62,0.9837837837837838,adv-mist-more-var,multi-frame
463,multi-frame-adv-mist-more-var,0.63,0.9837837837837838,adv-mist-more-var,multi-frame
464,multi-frame-adv-mist-more-var,0.64,0.9788359788359788,adv-mist-more-var,multi-frame
465,multi-frame-adv-mist-more-var,0.65,0.9788359788359788,adv-mist-more-var,multi-frame
466,multi-frame-adv-mist-more-var,0.66,0.9620765326044514,adv-mist-more-var,multi-frame
467,multi-frame-adv-mist-more-var,0.67,0.9523349420369172,adv-mist-more-var,multi-frame
468,multi-frame-adv-mist-more-var,0.68,0.9322562296858072,adv-mist-more-var,multi-frame
469,multi-frame-adv-mist-more-var,0.6900000000000001,0.9295774647887324,adv-mist-more-var,multi-frame
470,multi-frame-adv-mist-more-var,0.7000000000000001,0.9275713916526684,adv-mist-more-var,multi-frame
471,multi-frame-adv-mist-more-var,0.71,0.9211864616910488,adv-mist-more-var,multi-frame
472,multi-frame-adv-mist-more-var,0.72,0.9080478632478632,adv-mist-more-var,multi-frame
473,multi-frame-adv-mist-more-var,0.73,0.9006358974358974,adv-mist-more-var,multi-frame
474,multi-frame-adv-mist-more-var,0.74,0.8924190836485919,adv-mist-more-var,multi-frame
475,multi-frame-adv-mist-more-var,0.75,0.8835907944514503,adv-mist-more-var,multi-frame
476,multi-frame-adv-mist-more-var,0.76,0.8672352182722417,adv-mist-more-var,multi-frame
477,multi-frame-adv-mist-more-var,0.77,0.84799930268663,adv-mist-more-var,multi-frame
478,multi-frame-adv-mist-more-var,0.78,0.798618200758984,adv-mist-more-var,multi-frame
479,multi-frame-adv-mist-more-var,0.79,0.7183748962214969,adv-mist-more-var,multi-frame
480,multi-frame-adv-mist-more-var,0.8,0.6838085008439463,adv-mist-more-var,multi-frame
481,multi-frame-adv-mist-more-var,0.81,0.6492421054663958,adv-mist-more-var,multi-frame
482,multi-frame-adv-mist-more-var,0.8200000000000001,0.6146757100888453,adv-mist-more-var,multi-frame
483,multi-frame-adv-mist-more-var,0.8300000000000001,0.5801093147112947,adv-mist-more-var,multi-frame
484,multi-frame-adv-mist-more-var,0.84,0.5455429193337445,adv-mist-more-var,multi-frame
485,multi-frame-adv-mist-more-var,0.85,0.510976523956194,adv-mist-more-var,multi-frame
486,multi-frame-adv-mist-more-var,0.86,0.4764101285786434,adv-mist-more-var,multi-frame
487,multi-frame-adv-mist-more-var,0.87,0.4418437332010929,adv-mist-more-var,multi-frame
488,multi-frame-adv-mist-more-var,0.88,0.4072773378235424,adv-mist-more-var,multi-frame
489,multi-frame-adv-mist-more-var,0.89,0.3727109424459918,adv-mist-more-var,multi-frame
490,multi-frame-adv-mist-more-var,0.9,0.3381445470684413,adv-mist-more-var,multi-frame
491,multi-frame-adv-mist-more-var,0.91,0.3035781516908908,adv-mist-more-var,multi-frame
492,multi-frame-adv-mist-more-var,0.92,0.0,adv-mist-more-var,multi-frame
493,multi-frame-adv-mist-more-var,0.93,0.0,adv-mist-more-var,multi-frame
494,multi-frame-adv-mist-more-var,0.94,0.0,adv-mist-more-var,multi-frame
495,multi-frame-adv-mist-more-var,0.95,0.0,adv-mist-more-var,multi-frame
496,multi-frame-adv-mist-more-var,0.96,0.0,adv-mist-more-var,multi-frame
497,multi-frame-adv-mist-more-var,0.97,0.0,adv-mist-more-var,multi-frame
498,multi-frame-adv-mist-more-var,0.98,0.0,adv-mist-more-var,multi-frame
499,multi-frame-adv-mist-more-var,0.99,0.0,adv-mist-more-var,multi-frame
700,multi-frame-no-mist-aug,0.0,1.0,no-mist-aug,multi-frame
701,multi-frame-no-mist-aug,0.01,1.0,no-mist-aug,multi-frame
702,multi-frame-no-mist-aug,0.02,1.0,no-mist-aug,multi-frame
703,multi-frame-no-mist-aug,0.03,1.0,no-mist-aug,multi-frame
704,multi-frame-no-mist-aug,0.04,1.0,no-mist-aug,multi-frame
705,multi-frame-no-mist-aug,0.05,1.0,no-mist-aug,multi-frame
706,multi-frame-no-mist-aug,0.06,1.0,no-mist-aug,multi-frame
707,multi-frame-no-mist-aug,0.07,1.0,no-mist-aug,multi-frame
708,multi-frame-no-mist-aug,0.08,1.0,no-mist-aug,multi-frame
709,multi-frame-no-mist-aug,0.09,1.0,no-mist-aug,multi-frame
710,multi-frame-no-mist-aug,0.1,1.0,no-mist-aug,multi-frame
711,multi-frame-no-mist-aug,0.11,1.0,no-mist-aug,multi-frame
712,multi-frame-no-mist-aug,0.12,1.0,no-mist-aug,multi-frame
713,multi-frame-no-mist-aug,0.13,1.0,no-mist-aug,multi-frame
714,multi-frame-no-mist-aug,0.14,1.0,no-mist-aug,multi-frame
715,multi-frame-no-mist-aug,0.15,1.0,no-mist-aug,multi-frame
716,multi-frame-no-mist-aug,0.16,1.0,no-mist-aug,multi-frame
717,multi-frame-no-mist-aug,0.17,1.0,no-mist-aug,multi-frame
718,multi-frame-no-mist-aug,0.18,1.0,no-mist-aug,multi-frame
719,multi-frame-no-mist-aug,0.19,1.0,no-mist-aug,multi-frame
720,multi-frame-no-mist-aug,0.2,1.0,no-mist-aug,multi-frame
721,multi-frame-no-mist-aug,0.21,1.0,no-mist-aug,multi-frame
722,multi-frame-no-mist-aug,0.22,1.0,no-mist-aug,multi-frame
723,multi-frame-no-mist-aug,0.23,1.0,no-mist-aug,multi-frame
724,multi-frame-no-mist-aug,0.24,1.0,no-mist-aug,multi-frame
725,multi-frame-no-mist-aug,0.25,1.0,no-mist-aug,multi-frame
726,multi-frame-no-mist-aug,0.26,1.0,no-mist-aug,multi-frame
727,multi-frame-no-mist-aug,0.27,1.0,no-mist-aug,multi-frame
728,multi-frame-no-mist-aug,0.28,1.0,no-mist-aug,multi-frame
729,multi-frame-no-mist-aug,0.29,1.0,no-mist-aug,multi-frame
730,multi-frame-no-mist-aug,0.3,1.0,no-mist-aug,multi-frame
731,multi-frame-no-mist-aug,0.31,1.0,no-mist-aug,multi-frame
732,multi-frame-no-mist-aug,0.32,1.0,no-mist-aug,multi-frame
733,multi-frame-no-mist-aug,0.33,1.0,no-mist-aug,multi-frame
734,multi-frame-no-mist-aug,0.34,1.0,no-mist-aug,multi-frame
735,multi-frame-no-mist-aug,0.35,1.0,no-mist-aug,multi-frame
736,multi-frame-no-mist-aug,0.36,1.0,no-mist-aug,multi-frame
737,multi-frame-no-mist-aug,0.37,1.0,no-mist-aug,multi-frame
738,multi-frame-no-mist-aug,0.38,1.0,no-mist-aug,multi-frame
739,multi-frame-no-mist-aug,0.39,1.0,no-mist-aug,multi-frame
740,multi-frame-no-mist-aug,0.4,1.0,no-mist-aug,multi-frame
741,multi-frame-no-mist-aug,0.41,1.0,no-mist-aug,multi-frame
742,multi-frame-no-mist-aug,0.42,1.0,no-mist-aug,multi-frame
743,multi-frame-no-mist-aug,0.43,1.0,no-mist-aug,multi-frame
744,multi-frame-no-mist-aug,0.44,1.0,no-mist-aug,multi-frame
745,multi-frame-no-mist-aug,0.45,0.998477564102564,no-mist-aug,multi-frame
746,multi-frame-no-mist-aug,0.46,0.9941346153846154,no-mist-aug,multi-frame
747,multi-frame-no-mist-aug,0.47,0.9935897435897436,no-mist-aug,multi-frame
748,multi-frame-no-mist-aug,0.48,0.9935897435897436,no-mist-aug,multi-frame
749,multi-frame-no-mist-aug,0.49,0.9935897435897436,no-mist-aug,multi-frame
750,multi-frame-no-mist-aug,0.5,0.9935897435897436,no-mist-aug,multi-frame
751,multi-frame-no-mist-aug,0.51,0.9935897435897436,no-mist-aug,multi-frame
752,multi-frame-no-mist-aug,0.52,0.9935897435897436,no-mist-aug,multi-frame
753,multi-frame-no-mist-aug,0.53,0.9935897435897436,no-mist-aug,multi-frame
754,multi-frame-no-mist-aug,0.54,0.9935897435897436,no-mist-aug,multi-frame
755,multi-frame-no-mist-aug,0.55,0.9935897435897436,no-mist-aug,multi-frame
756,multi-frame-no-mist-aug,0.56,0.9935897435897436,no-mist-aug,multi-frame
757,multi-frame-no-mist-aug,0.5700000000000001,0.9935897435897436,no-mist-aug,multi-frame
758,multi-frame-no-mist-aug,0.58,0.9935897435897436,no-mist-aug,multi-frame
759,multi-frame-no-mist-aug,0.59,0.9874213836477987,no-mist-aug,multi-frame
760,multi-frame-no-mist-aug,0.6,0.98159509202454,no-mist-aug,multi-frame
761,multi-frame-no-mist-aug,0.61,0.9761904761904762,no-mist-aug,multi-frame
762,multi-frame-no-mist-aug,0.62,0.9710982658959536,no-mist-aug,multi-frame
763,multi-frame-no-mist-aug,0.63,0.9710982658959536,no-mist-aug,multi-frame
764,multi-frame-no-mist-aug,0.64,0.9617486338797814,no-mist-aug,multi-frame
765,multi-frame-no-mist-aug,0.65,0.9617486338797814,no-mist-aug,multi-frame
766,multi-frame-no-mist-aug,0.66,0.9581151832460733,no-mist-aug,multi-frame
767,multi-frame-no-mist-aug,0.67,0.9581151832460733,no-mist-aug,multi-frame
768,multi-frame-no-mist-aug,0.68,0.9536082474226804,no-mist-aug,multi-frame
769,multi-frame-no-mist-aug,0.6900000000000001,0.9502655536749244,no-mist-aug,multi-frame
770,multi-frame-no-mist-aug,0.7000000000000001,0.9502487562189056,no-mist-aug,multi-frame
771,multi-frame-no-mist-aug,0.71,0.9488875669959382,no-mist-aug,multi-frame
772,multi-frame-no-mist-aug,0.72,0.9473569351311076,no-mist-aug,multi-frame
773,multi-frame-no-mist-aug,0.73,0.9434191095740008,no-mist-aug,multi-frame
774,multi-frame-no-mist-aug,0.74,0.9383237263943786,no-mist-aug,multi-frame
775,multi-frame-no-mist-aug,0.75,0.9332283432147562,no-mist-aug,multi-frame
776,multi-frame-no-mist-aug,0.76,0.926970588235294,no-mist-aug,multi-frame
777,multi-frame-no-mist-aug,0.77,0.9202680481283422,no-mist-aug,multi-frame
778,multi-frame-no-mist-aug,0.78,0.9135655080213904,no-mist-aug,multi-frame
779,multi-frame-no-mist-aug,0.79,0.9068629679144384,no-mist-aug,multi-frame
780,multi-frame-no-mist-aug,0.8,0.9001604278074866,no-mist-aug,multi-frame
781,multi-frame-no-mist-aug,0.81,0.8934578877005347,no-mist-aug,multi-frame
782,multi-frame-no-mist-aug,0.8200000000000001,0.8867553475935829,no-mist-aug,multi-frame
783,multi-frame-no-mist-aug,0.8300000000000001,0.0,no-mist-aug,multi-frame
784,multi-frame-no-mist-aug,0.84,0.0,no-mist-aug,multi-frame
785,multi-frame-no-mist-aug,0.85,0.0,no-mist-aug,multi-frame
786,multi-frame-no-mist-aug,0.86,0.0,no-mist-aug,multi-frame
787,multi-frame-no-mist-aug,0.87,0.0,no-mist-aug,multi-frame
788,multi-frame-no-mist-aug,0.88,0.0,no-mist-aug,multi-frame
789,multi-frame-no-mist-aug,0.89,0.0,no-mist-aug,multi-frame
790,multi-frame-no-mist-aug,0.9,0.0,no-mist-aug,multi-frame
791,multi-frame-no-mist-aug,0.91,0.0,no-mist-aug,multi-frame
792,multi-frame-no-mist-aug,0.92,0.0,no-mist-aug,multi-frame
793,multi-frame-no-mist-aug,0.93,0.0,no-mist-aug,multi-frame
794,multi-frame-no-mist-aug,0.94,0.0,no-mist-aug,multi-frame
795,multi-frame-no-mist-aug,0.95,0.0,no-mist-aug,multi-frame
796,multi-frame-no-mist-aug,0.96,0.0,no-mist-aug,multi-frame
797,multi-frame-no-mist-aug,0.97,0.0,no-mist-aug,multi-frame
798,multi-frame-no-mist-aug,0.98,0.0,no-mist-aug,multi-frame
799,multi-frame-no-mist-aug,0.99,0.0,no-mist-aug,multi-frame
600,multi-frame-simple-mist-aug,0.0,1.0,simple-mist-aug,multi-frame
601,multi-frame-simple-mist-aug,0.01,1.0,simple-mist-aug,multi-frame
602,multi-frame-simple-mist-aug,0.02,1.0,simple-mist-aug,multi-frame
603,multi-frame-simple-mist-aug,0.03,1.0,simple-mist-aug,multi-frame
604,multi-frame-simple-mist-aug,0.04,1.0,simple-mist-aug,multi-frame
605,multi-frame-simple-mist-aug,0.05,1.0,simple-mist-aug,multi-frame
606,multi-frame-simple-mist-aug,0.06,1.0,simple-mist-aug,multi-frame
607,multi-frame-simple-mist-aug,0.07,1.0,simple-mist-aug,multi-frame
608,multi-frame-simple-mist-aug,0.08,1.0,simple-mist-aug,multi-frame
609,multi-frame-simple-mist-aug,0.09,1.0,simple-mist-aug,multi-frame
610,multi-frame-simple-mist-aug,0.1,1.0,simple-mist-aug,multi-frame
611,multi-frame-simple-mist-aug,0.11,1.0,simple-mist-aug,multi-frame
612,multi-frame-simple-mist-aug,0.12,1.0,simple-mist-aug,multi-frame
613,multi-frame-simple-mist-aug,0.13,1.0,simple-mist-aug,multi-frame
614,multi-frame-simple-mist-aug,0.14,1.0,simple-mist-aug,multi-frame
615,multi-frame-simple-mist-aug,0.15,1.0,simple-mist-aug,multi-frame
616,multi-frame-simple-mist-aug,0.16,1.0,simple-mist-aug,multi-frame
617,multi-frame-simple-mist-aug,0.17,1.0,simple-mist-aug,multi-frame
618,multi-frame-simple-mist-aug,0.18,1.0,simple-mist-aug,multi-frame
619,multi-frame-simple-mist-aug,0.19,1.0,simple-mist-aug,multi-frame
620,multi-frame-simple-mist-aug,0.2,1.0,simple-mist-aug,multi-frame
621,multi-frame-simple-mist-aug,0.21,1.0,simple-mist-aug,multi-frame
622,multi-frame-simple-mist-aug,0.22,1.0,simple-mist-aug,multi-frame
623,multi-frame-simple-mist-aug,0.23,1.0,simple-mist-aug,multi-frame
624,multi-frame-simple-mist-aug,0.24,1.0,simple-mist-aug,multi-frame
625,multi-frame-simple-mist-aug,0.25,1.0,simple-mist-aug,multi-frame
626,multi-frame-simple-mist-aug,0.26,1.0,simple-mist-aug,multi-frame
627,multi-frame-simple-mist-aug,0.27,1.0,simple-mist-aug,multi-frame
628,multi-frame-simple-mist-aug,0.28,1.0,simple-mist-aug,multi-frame
629,multi-frame-simple-mist-aug,0.29,1.0,simple-mist-aug,multi-frame
630,multi-frame-simple-mist-aug,0.3,1.0,simple-mist-aug,multi-frame
631,multi-frame-simple-mist-aug,0.31,1.0,simple-mist-aug,multi-frame
632,multi-frame-simple-mist-aug,0.32,1.0,simple-mist-aug,multi-frame
633,multi-frame-simple-mist-aug,0.33,1.0,simple-mist-aug,multi-frame
634,multi-frame-simple-mist-aug,0.34,1.0,simple-mist-aug,multi-frame
635,multi-frame-simple-mist-aug,0.35,1.0,simple-mist-aug,multi-frame
636,multi-frame-simple-mist-aug,0.36,1.0,simple-mist-aug,multi-frame
637,multi-frame-simple-mist-aug,0.37,1.0,simple-mist-aug,multi-frame
638,multi-frame-simple-mist-aug,0.38,1.0,simple-mist-aug,multi-frame
639,multi-frame-simple-mist-aug,0.39,1.0,simple-mist-aug,multi-frame
640,multi-frame-simple-mist-aug,0.4,1.0,simple-mist-aug,multi-frame
641,multi-frame-simple-mist-aug,0.41,1.0,simple-mist-aug,multi-frame
642,multi-frame-simple-mist-aug,0.42,1.0,simple-mist-aug,multi-frame
643,multi-frame-simple-mist-aug,0.43,1.0,simple-mist-aug,multi-frame
644,multi-frame-simple-mist-aug,0.44,1.0,simple-mist-aug,multi-frame
645,multi-frame-simple-mist-aug,0.45,1.0,simple-mist-aug,multi-frame
646,multi-frame-simple-mist-aug,0.46,1.0,simple-mist-aug,multi-frame
647,multi-frame-simple-mist-aug,0.47,1.0,simple-mist-aug,multi-frame
648,multi-frame-simple-mist-aug,0.48,1.0,simple-mist-aug,multi-frame
649,multi-frame-simple-mist-aug,0.49,1.0,simple-mist-aug,multi-frame
650,multi-frame-simple-mist-aug,0.5,1.0,simple-mist-aug,multi-frame
651,multi-frame-simple-mist-aug,0.51,1.0,simple-mist-aug,multi-frame
652,multi-frame-simple-mist-aug,0.52,1.0,simple-mist-aug,multi-frame
653,multi-frame-simple-mist-aug,0.53,1.0,simple-mist-aug,multi-frame
654,multi-frame-simple-mist-aug,0.54,0.9936708860759492,simple-mist-aug,multi-frame
655,multi-frame-simple-mist-aug,0.55,0.9936708860759492,simple-mist-aug,multi-frame
656,multi-frame-simple-mist-aug,0.56,0.9936708860759492,simple-mist-aug,multi-frame
657,multi-frame-simple-mist-aug,0.5700000000000001,0.9936708860759492,simple-mist-aug,multi-frame
658,multi-frame-simple-mist-aug,0.58,0.9936708860759492,simple-mist-aug,multi-frame
659,multi-frame-simple-mist-aug,0.59,0.9936708860759492,simple-mist-aug,multi-frame
660,multi-frame-simple-mist-aug,0.6,0.9880239520958084,simple-mist-aug,multi-frame
661,multi-frame-simple-mist-aug,0.61,0.9880239520958084,simple-mist-aug,multi-frame
662,multi-frame-simple-mist-aug,0.62,0.9836065573770492,simple-mist-aug,multi-frame
663,multi-frame-simple-mist-aug,0.63,0.9836065573770492,simple-mist-aug,multi-frame
664,multi-frame-simple-mist-aug,0.64,0.9836065573770492,simple-mist-aug,multi-frame
665,multi-frame-simple-mist-aug,0.65,0.9836065573770492,simple-mist-aug,multi-frame
666,multi-frame-simple-mist-aug,0.66,0.9836065573770492,simple-mist-aug,multi-frame
667,multi-frame-simple-mist-aug,0.67,0.9791666666666666,simple-mist-aug,multi-frame
668,multi-frame-simple-mist-aug,0.68,0.9791666666666666,simple-mist-aug,multi-frame
669,multi-frame-simple-mist-aug,0.6900000000000001,0.9791666666666666,simple-mist-aug,multi-frame
670,multi-frame-simple-mist-aug,0.7000000000000001,0.9791666666666666,simple-mist-aug,multi-frame
671,multi-frame-simple-mist-aug,0.71,0.972966557181248,simple-mist-aug,multi-frame
672,multi-frame-simple-mist-aug,0.72,0.9705882352941176,simple-mist-aug,multi-frame
673,multi-frame-simple-mist-aug,0.73,0.9656186136426402,simple-mist-aug,multi-frame
674,multi-frame-simple-mist-aug,0.74,0.9624413145539906,simple-mist-aug,multi-frame
675,multi-frame-simple-mist-aug,0.75,0.9602868351662486,simple-mist-aug,multi-frame
676,multi-frame-simple-mist-aug,0.76,0.942800947407787,simple-mist-aug,multi-frame
677,multi-frame-simple-mist-aug,0.77,0.9360131538244896,simple-mist-aug,multi-frame
678,multi-frame-simple-mist-aug,0.78,0.929225360241192,simple-mist-aug,multi-frame
679,multi-frame-simple-mist-aug,0.79,0.9224375666578944,simple-mist-aug,multi-frame
680,multi-frame-simple-mist-aug,0.8,0.9156497730745968,simple-mist-aug,multi-frame
681,multi-frame-simple-mist-aug,0.81,0.9088619794912992,simple-mist-aug,multi-frame
682,multi-frame-simple-mist-aug,0.8200000000000001,0.9020741859080016,simple-mist-aug,multi-frame
683,multi-frame-simple-mist-aug,0.8300000000000001,0.8952863923247042,simple-mist-aug,multi-frame
684,multi-frame-simple-mist-aug,0.84,0.8884985987414067,simple-mist-aug,multi-frame
685,multi-frame-simple-mist-aug,0.85,0.0,simple-mist-aug,multi-frame
686,multi-frame-simple-mist-aug,0.86,0.0,simple-mist-aug,multi-frame
687,multi-frame-simple-mist-aug,0.87,0.0,simple-mist-aug,multi-frame
688,multi-frame-simple-mist-aug,0.88,0.0,simple-mist-aug,multi-frame
689,multi-frame-simple-mist-aug,0.89,0.0,simple-mist-aug,multi-frame
690,multi-frame-simple-mist-aug,0.9,0.0,simple-mist-aug,multi-frame
691,multi-frame-simple-mist-aug,0.91,0.0,simple-mist-aug,multi-frame
692,multi-frame-simple-mist-aug,0.92,0.0,simple-mist-aug,multi-frame
693,multi-frame-simple-mist-aug,0.93,0.0,simple-mist-aug,multi-frame
694,multi-frame-simple-mist-aug,0.94,0.0,simple-mist-aug,multi-frame
695,multi-frame-simple-mist-aug,0.95,0.0,simple-mist-aug,multi-frame
696,multi-frame-simple-mist-aug,0.96,0.0,simple-mist-aug,multi-frame
697,multi-frame-simple-mist-aug,0.97,0.0,simple-mist-aug,multi-frame
698,multi-frame-simple-mist-aug,0.98,0.0,simple-mist-aug,multi-frame
699,multi-frame-simple-mist-aug,0.99,0.0,simple-mist-aug,multi-frame
100,single-frame-adv-mist-aug,0.0,1.0,adv-mist-aug,single-frame
101,single-frame-adv-mist-aug,0.01,1.0,adv-mist-aug,single-frame
102,single-frame-adv-mist-aug,0.02,1.0,adv-mist-aug,single-frame
103,single-frame-adv-mist-aug,0.03,1.0,adv-mist-aug,single-frame
104,single-frame-adv-mist-aug,0.04,1.0,adv-mist-aug,single-frame
105,single-frame-adv-mist-aug,0.05,1.0,adv-mist-aug,single-frame
106,single-frame-adv-mist-aug,0.06,1.0,adv-mist-aug,single-frame
107,single-frame-adv-mist-aug,0.07,1.0,adv-mist-aug,single-frame
108,single-frame-adv-mist-aug,0.08,1.0,adv-mist-aug,single-frame
109,single-frame-adv-mist-aug,0.09,1.0,adv-mist-aug,single-frame
110,single-frame-adv-mist-aug,0.1,1.0,adv-mist-aug,single-frame
111,single-frame-adv-mist-aug,0.11,1.0,adv-mist-aug,single-frame
112,single-frame-adv-mist-aug,0.12,1.0,adv-mist-aug,single-frame
113,single-frame-adv-mist-aug,0.13,1.0,adv-mist-aug,single-frame
114,single-frame-adv-mist-aug,0.14,1.0,adv-mist-aug,single-frame
115,single-frame-adv-mist-aug,0.15,1.0,adv-mist-aug,single-frame
116,single-frame-adv-mist-aug,0.16,1.0,adv-mist-aug,single-frame
117,single-frame-adv-mist-aug,0.17,1.0,adv-mist-aug,single-frame
118,single-frame-adv-mist-aug,0.18,1.0,adv-mist-aug,single-frame
119,single-frame-adv-mist-aug,0.19,1.0,adv-mist-aug,single-frame
120,single-frame-adv-mist-aug,0.2,1.0,adv-mist-aug,single-frame
121,single-frame-adv-mist-aug,0.21,1.0,adv-mist-aug,single-frame
122,single-frame-adv-mist-aug,0.22,1.0,adv-mist-aug,single-frame
123,single-frame-adv-mist-aug,0.23,1.0,adv-mist-aug,single-frame
124,single-frame-adv-mist-aug,0.24,1.0,adv-mist-aug,single-frame
125,single-frame-adv-mist-aug,0.25,1.0,adv-mist-aug,single-frame
126,single-frame-adv-mist-aug,0.26,1.0,adv-mist-aug,single-frame
127,single-frame-adv-mist-aug,0.27,1.0,adv-mist-aug,single-frame
128,single-frame-adv-mist-aug,0.28,1.0,adv-mist-aug,single-frame
129,single-frame-adv-mist-aug,0.29,1.0,adv-mist-aug,single-frame
130,single-frame-adv-mist-aug,0.3,1.0,adv-mist-aug,single-frame
131,single-frame-adv-mist-aug,0.31,1.0,adv-mist-aug,single-frame
132,single-frame-adv-mist-aug,0.32,1.0,adv-mist-aug,single-frame
133,single-frame-adv-mist-aug,0.33,1.0,adv-mist-aug,single-frame
134,single-frame-adv-mist-aug,0.34,1.0,adv-mist-aug,single-frame
135,single-frame-adv-mist-aug,0.35,1.0,adv-mist-aug,single-frame
136,single-frame-adv-mist-aug,0.36,1.0,adv-mist-aug,single-frame
137,single-frame-adv-mist-aug,0.37,1.0,adv-mist-aug,single-frame
138,single-frame-adv-mist-aug,0.38,1.0,adv-mist-aug,single-frame
139,single-frame-adv-mist-aug,0.39,1.0,adv-mist-aug,single-frame
140,single-frame-adv-mist-aug,0.4,1.0,adv-mist-aug,single-frame
141,single-frame-adv-mist-aug,0.41,1.0,adv-mist-aug,single-frame
142,single-frame-adv-mist-aug,0.42,1.0,adv-mist-aug,single-frame
143,single-frame-adv-mist-aug,0.43,1.0,adv-mist-aug,single-frame
144,single-frame-adv-mist-aug,0.44,1.0,adv-mist-aug,single-frame
145,single-frame-adv-mist-aug,0.45,0.9945833333333334,adv-mist-aug,single-frame
146,single-frame-adv-mist-aug,0.46,0.9893208041958044,adv-mist-aug,single-frame
147,single-frame-adv-mist-aug,0.47,0.986013986013986,adv-mist-aug,single-frame
148,single-frame-adv-mist-aug,0.48,0.986013986013986,adv-mist-aug,single-frame
149,single-frame-adv-mist-aug,0.49,0.986013986013986,adv-mist-aug,single-frame
150,single-frame-adv-mist-aug,0.5,0.986013986013986,adv-mist-aug,single-frame
151,single-frame-adv-mist-aug,0.51,0.986013986013986,adv-mist-aug,single-frame
152,single-frame-adv-mist-aug,0.52,0.986013986013986,adv-mist-aug,single-frame
153,single-frame-adv-mist-aug,0.53,0.986013986013986,adv-mist-aug,single-frame
154,single-frame-adv-mist-aug,0.54,0.9797297297297296,adv-mist-aug,single-frame
155,single-frame-adv-mist-aug,0.55,0.9736842105263158,adv-mist-aug,single-frame
156,single-frame-adv-mist-aug,0.56,0.9675324675324676,adv-mist-aug,single-frame
157,single-frame-adv-mist-aug,0.5700000000000001,0.9345238095238096,adv-mist-aug,single-frame
158,single-frame-adv-mist-aug,0.58,0.9345238095238096,adv-mist-aug,single-frame
159,single-frame-adv-mist-aug,0.59,0.9345238095238096,adv-mist-aug,single-frame
160,single-frame-adv-mist-aug,0.6,0.9298245614035088,adv-mist-aug,single-frame
161,single-frame-adv-mist-aug,0.61,0.8487797069994574,adv-mist-aug,single-frame
162,single-frame-adv-mist-aug,0.62,0.7955430119665842,adv-mist-aug,single-frame
163,single-frame-adv-mist-aug,0.63,0.7486327151408104,adv-mist-aug,single-frame
164,single-frame-adv-mist-aug,0.64,0.7191686782455106,adv-mist-aug,single-frame
165,single-frame-adv-mist-aug,0.65,0.6793766457282444,adv-mist-aug,single-frame
166,single-frame-adv-mist-aug,0.66,0.6375137170884198,adv-mist-aug,single-frame
167,single-frame-adv-mist-aug,0.67,0.5969827593176488,adv-mist-aug,single-frame
168,single-frame-adv-mist-aug,0.68,0.5564518015468777,adv-mist-aug,single-frame
169,single-frame-adv-mist-aug,0.6900000000000001,0.5159208437761067,adv-mist-aug,single-frame
170,single-frame-adv-mist-aug,0.7000000000000001,0.4753898860053356,adv-mist-aug,single-frame
171,single-frame-adv-mist-aug,0.71,0.4348589282345649,adv-mist-aug,single-frame
172,single-frame-adv-mist-aug,0.72,0.3943279704637939,adv-mist-aug,single-frame
173,single-frame-adv-mist-aug,0.73,0.3537970126930229,adv-mist-aug,single-frame
174,single-frame-adv-mist-aug,0.74,0.0,adv-mist-aug,single-frame
175,single-frame-adv-mist-aug,0.75,0.0,adv-mist-aug,single-frame
176,single-frame-adv-mist-aug,0.76,0.0,adv-mist-aug,single-frame
177,single-frame-adv-mist-aug,0.77,0.0,adv-mist-aug,single-frame
178,single-frame-adv-mist-aug,0.78,0.0,adv-mist-aug,single-frame
179,single-frame-adv-mist-aug,0.79,0.0,adv-mist-aug,single-frame
180,single-frame-adv-mist-aug,0.8,0.0,adv-mist-aug,single-frame
181,single-frame-adv-mist-aug,0.81,0.0,adv-mist-aug,single-frame
182,single-frame-adv-mist-aug,0.8200000000000001,0.0,adv-mist-aug,single-frame
183,single-frame-adv-mist-aug,0.8300000000000001,0.0,adv-mist-aug,single-frame
184,single-frame-adv-mist-aug,0.84,0.0,adv-mist-aug,single-frame
185,single-frame-adv-mist-aug,0.85,0.0,adv-mist-aug,single-frame
186,single-frame-adv-mist-aug,0.86,0.0,adv-mist-aug,single-frame
187,single-frame-adv-mist-aug,0.87,0.0,adv-mist-aug,single-frame
188,single-frame-adv-mist-aug,0.88,0.0,adv-mist-aug,single-frame
189,single-frame-adv-mist-aug,0.89,0.0,adv-mist-aug,single-frame
190,single-frame-adv-mist-aug,0.9,0.0,adv-mist-aug,single-frame
191,single-frame-adv-mist-aug,0.91,0.0,adv-mist-aug,single-frame
192,single-frame-adv-mist-aug,0.92,0.0,adv-mist-aug,single-frame
193,single-frame-adv-mist-aug,0.93,0.0,adv-mist-aug,single-frame
194,single-frame-adv-mist-aug,0.94,0.0,adv-mist-aug,single-frame
195,single-frame-adv-mist-aug,0.95,0.0,adv-mist-aug,single-frame
196,single-frame-adv-mist-aug,0.96,0.0,adv-mist-aug,single-frame
197,single-frame-adv-mist-aug,0.97,0.0,adv-mist-aug,single-frame
198,single-frame-adv-mist-aug,0.98,0.0,adv-mist-aug,single-frame
199,single-frame-adv-mist-aug,0.99,0.0,adv-mist-aug,single-frame
0,single-frame-adv-mist-more-var,0.0,1.0,adv-mist-more-var,single-frame
1,single-frame-adv-mist-more-var,0.01,1.0,adv-mist-more-var,single-frame
2,single-frame-adv-mist-more-var,0.02,1.0,adv-mist-more-var,single-frame
3,single-frame-adv-mist-more-var,0.03,1.0,adv-mist-more-var,single-frame
4,single-frame-adv-mist-more-var,0.04,1.0,adv-mist-more-var,single-frame
5,single-frame-adv-mist-more-var,0.05,1.0,adv-mist-more-var,single-frame
6,single-frame-adv-mist-more-var,0.06,1.0,adv-mist-more-var,single-frame
7,single-frame-adv-mist-more-var,0.07,1.0,adv-mist-more-var,single-frame
8,single-frame-adv-mist-more-var,0.08,1.0,adv-mist-more-var,single-frame
9,single-frame-adv-mist-more-var,0.09,1.0,adv-mist-more-var,single-frame
10,single-frame-adv-mist-more-var,0.1,1.0,adv-mist-more-var,single-frame
11,single-frame-adv-mist-more-var,0.11,1.0,adv-mist-more-var,single-frame
12,single-frame-adv-mist-more-var,0.12,1.0,adv-mist-more-var,single-frame
13,single-frame-adv-mist-more-var,0.13,1.0,adv-mist-more-var,single-frame
14,single-frame-adv-mist-more-var,0.14,1.0,adv-mist-more-var,single-frame
15,single-frame-adv-mist-more-var,0.15,1.0,adv-mist-more-var,single-frame
16,single-frame-adv-mist-more-var,0.16,1.0,adv-mist-more-var,single-frame
17,single-frame-adv-mist-more-var,0.17,1.0,adv-mist-more-var,single-frame
18,single-frame-adv-mist-more-var,0.18,1.0,adv-mist-more-var,single-frame
19,single-frame-adv-mist-more-var,0.19,1.0,adv-mist-more-var,single-frame
20,single-frame-adv-mist-more-var,0.2,1.0,adv-mist-more-var,single-frame
21,single-frame-adv-mist-more-var,0.21,1.0,adv-mist-more-var,single-frame
22,single-frame-adv-mist-more-var,0.22,1.0,adv-mist-more-var,single-frame
23,single-frame-adv-mist-more-var,0.23,1.0,adv-mist-more-var,single-frame
24,single-frame-adv-mist-more-var,0.24,1.0,adv-mist-more-var,single-frame
25,single-frame-adv-mist-more-var,0.25,1.0,adv-mist-more-var,single-frame
26,single-frame-adv-mist-more-var,0.26,1.0,adv-mist-more-var,single-frame
27,single-frame-adv-mist-more-var,0.27,1.0,adv-mist-more-var,single-frame
28,single-frame-adv-mist-more-var,0.28,1.0,adv-mist-more-var,single-frame
29,single-frame-adv-mist-more-var,0.29,1.0,adv-mist-more-var,single-frame
30,single-frame-adv-mist-more-var,0.3,1.0,adv-mist-more-var,single-frame
31,single-frame-adv-mist-more-var,0.31,1.0,adv-mist-more-var,single-frame
32,single-frame-adv-mist-more-var,0.32,0.9943790849673204,adv-mist-more-var,single-frame
33,single-frame-adv-mist-more-var,0.33,0.9901960784313726,adv-mist-more-var,single-frame
34,single-frame-adv-mist-more-var,0.34,0.9896096256684492,adv-mist-more-var,single-frame
35,single-frame-adv-mist-more-var,0.35,0.9818181818181818,adv-mist-more-var,single-frame
36,single-frame-adv-mist-more-var,0.36,0.9818181818181818,adv-mist-more-var,single-frame
37,single-frame-adv-mist-more-var,0.37,0.9766590909090908,adv-mist-more-var,single-frame
38,single-frame-adv-mist-more-var,0.38,0.975,adv-mist-more-var,single-frame
39,single-frame-adv-mist-more-var,0.39,0.969810975609756,adv-mist-more-var,single-frame
40,single-frame-adv-mist-more-var,0.4,0.9642857142857144,adv-mist-more-var,single-frame
41,single-frame-adv-mist-more-var,0.41,0.9642857142857144,adv-mist-more-var,single-frame
42,single-frame-adv-mist-more-var,0.42,0.9642857142857144,adv-mist-more-var,single-frame
43,single-frame-adv-mist-more-var,0.43,0.9642857142857144,adv-mist-more-var,single-frame
44,single-frame-adv-mist-more-var,0.44,0.9642857142857144,adv-mist-more-var,single-frame
45,single-frame-adv-mist-more-var,0.45,0.958904109589041,adv-mist-more-var,single-frame
46,single-frame-adv-mist-more-var,0.46,0.958904109589041,adv-mist-more-var,single-frame
47,single-frame-adv-mist-more-var,0.47,0.9562170941742514,adv-mist-more-var,single-frame
48,single-frame-adv-mist-more-var,0.48,0.9465523957927542,adv-mist-more-var,single-frame
49,single-frame-adv-mist-more-var,0.49,0.925848845867461,adv-mist-more-var,single-frame
50,single-frame-adv-mist-more-var,0.5,0.9213646663541178,adv-mist-more-var,single-frame
51,single-frame-adv-mist-more-var,0.51,0.9158917966536064,adv-mist-more-var,single-frame
52,single-frame-adv-mist-more-var,0.52,0.9057137795415086,adv-mist-more-var,single-frame
53,single-frame-adv-mist-more-var,0.53,0.8931351033604389,adv-mist-more-var,single-frame
54,single-frame-adv-mist-more-var,0.54,0.8537151619704811,adv-mist-more-var,single-frame
55,single-frame-adv-mist-more-var,0.55,0.8459426487923896,adv-mist-more-var,single-frame
56,single-frame-adv-mist-more-var,0.56,0.774935091695858,adv-mist-more-var,single-frame
57,single-frame-adv-mist-more-var,0.5700000000000001,0.6899148936170212,adv-mist-more-var,single-frame
58,single-frame-adv-mist-more-var,0.58,0.674570251177394,adv-mist-more-var,single-frame
59,single-frame-adv-mist-more-var,0.59,0.6583506671899529,adv-mist-more-var,single-frame
60,single-frame-adv-mist-more-var,0.6,0.6021661615261188,adv-mist-more-var,single-frame
61,single-frame-adv-mist-more-var,0.61,0.5410555868975001,adv-mist-more-var,single-frame
62,single-frame-adv-mist-more-var,0.62,0.4699069382734199,adv-mist-more-var,single-frame
63,single-frame-adv-mist-more-var,0.63,0.4314030649962024,adv-mist-more-var,single-frame
64,single-frame-adv-mist-more-var,0.64,0.3962179851335902,adv-mist-more-var,single-frame
65,single-frame-adv-mist-more-var,0.65,0.3781548622054195,adv-mist-more-var,single-frame
66,single-frame-adv-mist-more-var,0.66,0.3600917392772488,adv-mist-more-var,single-frame
67,single-frame-adv-mist-more-var,0.67,0.3420286163490781,adv-mist-more-var,single-frame
68,single-frame-adv-mist-more-var,0.68,0.3239654934209074,adv-mist-more-var,single-frame
69,single-frame-adv-mist-more-var,0.6900000000000001,0.3059023704927366,adv-mist-more-var,single-frame
70,single-frame-adv-mist-more-var,0.7000000000000001,0.2878392475645659,adv-mist-more-var,single-frame
71,single-frame-adv-mist-more-var,0.71,0.2697761246363954,adv-mist-more-var,single-frame
72,single-frame-adv-mist-more-var,0.72,0.2517130017082247,adv-mist-more-var,single-frame
73,single-frame-adv-mist-more-var,0.73,0.233649878780054,adv-mist-more-var,single-frame
74,single-frame-adv-mist-more-var,0.74,0.2155867558518833,adv-mist-more-var,single-frame
75,single-frame-adv-mist-more-var,0.75,0.1975236329237125,adv-mist-more-var,single-frame
76,single-frame-adv-mist-more-var,0.76,0.1794605099955419,adv-mist-more-var,single-frame
77,single-frame-adv-mist-more-var,0.77,0.1613973870673711,adv-mist-more-var,single-frame
78,single-frame-adv-mist-more-var,0.78,0.1433342641392004,adv-mist-more-var,single-frame
79,single-frame-adv-mist-more-var,0.79,0.0,adv-mist-more-var,single-frame
80,single-frame-adv-mist-more-var,0.8,0.0,adv-mist-more-var,single-frame
81,single-frame-adv-mist-more-var,0.81,0.0,adv-mist-more-var,single-frame
82,single-frame-adv-mist-more-var,0.8200000000000001,0.0,adv-mist-more-var,single-frame
83,single-frame-adv-mist-more-var,0.8300000000000001,0.0,adv-mist-more-var,single-frame
84,single-frame-adv-mist-more-var,0.84,0.0,adv-mist-more-var,single-frame
85,single-frame-adv-mist-more-var,0.85,0.0,adv-mist-more-var,single-frame
86,single-frame-adv-mist-more-var,0.86,0.0,adv-mist-more-var,single-frame
87,single-frame-adv-mist-more-var,0.87,0.0,adv-mist-more-var,single-frame
88,single-frame-adv-mist-more-var,0.88,0.0,adv-mist-more-var,single-frame
89,single-frame-adv-mist-more-var,0.89,0.0,adv-mist-more-var,single-frame
90,single-frame-adv-mist-more-var,0.9,0.0,adv-mist-more-var,single-frame
91,single-frame-adv-mist-more-var,0.91,0.0,adv-mist-more-var,single-frame
92,single-frame-adv-mist-more-var,0.92,0.0,adv-mist-more-var,single-frame
93,single-frame-adv-mist-more-var,0.93,0.0,adv-mist-more-var,single-frame
94,single-frame-adv-mist-more-var,0.94,0.0,adv-mist-more-var,single-frame
95,single-frame-adv-mist-more-var,0.95,0.0,adv-mist-more-var,single-frame
96,single-frame-adv-mist-more-var,0.96,0.0,adv-mist-more-var,single-frame
97,single-frame-adv-mist-more-var,0.97,0.0,adv-mist-more-var,single-frame
98,single-frame-adv-mist-more-var,0.98,0.0,adv-mist-more-var,single-frame
99,single-frame-adv-mist-more-var,0.99,0.0,adv-mist-more-var,single-frame
300,single-frame-no-mist-aug,0.0,1.0,no-mist-aug,single-frame
301,single-frame-no-mist-aug,0.01,1.0,no-mist-aug,single-frame
302,single-frame-no-mist-aug,0.02,1.0,no-mist-aug,single-frame
303,single-frame-no-mist-aug,0.03,1.0,no-mist-aug,single-frame
304,single-frame-no-mist-aug,0.04,1.0,no-mist-aug,single-frame
305,single-frame-no-mist-aug,0.05,1.0,no-mist-aug,single-frame
306,single-frame-no-mist-aug,0.06,1.0,no-mist-aug,single-frame
307,single-frame-no-mist-aug,0.07,1.0,no-mist-aug,single-frame
308,single-frame-no-mist-aug,0.08,1.0,no-mist-aug,single-frame
309,single-frame-no-mist-aug,0.09,1.0,no-mist-aug,single-frame
310,single-frame-no-mist-aug,0.1,1.0,no-mist-aug,single-frame
311,single-frame-no-mist-aug,0.11,1.0,no-mist-aug,single-frame
312,single-frame-no-mist-aug,0.12,1.0,no-mist-aug,single-frame
313,single-frame-no-mist-aug,0.13,1.0,no-mist-aug,single-frame
314,single-frame-no-mist-aug,0.14,1.0,no-mist-aug,single-frame
315,single-frame-no-mist-aug,0.15,1.0,no-mist-aug,single-frame
316,single-frame-no-mist-aug,0.16,1.0,no-mist-aug,single-frame
317,single-frame-no-mist-aug,0.17,1.0,no-mist-aug,single-frame
318,single-frame-no-mist-aug,0.18,1.0,no-mist-aug,single-frame
319,single-frame-no-mist-aug,0.19,1.0,no-mist-aug,single-frame
320,single-frame-no-mist-aug,0.2,1.0,no-mist-aug,single-frame
321,single-frame-no-mist-aug,0.21,1.0,no-mist-aug,single-frame
322,single-frame-no-mist-aug,0.22,0.9803007518796992,no-mist-aug,single-frame
323,single-frame-no-mist-aug,0.23,0.9774436090225564,no-mist-aug,single-frame
324,single-frame-no-mist-aug,0.24,0.9774436090225564,no-mist-aug,single-frame
325,single-frame-no-mist-aug,0.25,0.9774436090225564,no-mist-aug,single-frame
326,single-frame-no-mist-aug,0.26,0.9774436090225564,no-mist-aug,single-frame
327,single-frame-no-mist-aug,0.27,0.9774436090225564,no-mist-aug,single-frame
328,single-frame-no-mist-aug,0.28,0.9774436090225564,no-mist-aug,single-frame
329,single-frame-no-mist-aug,0.29,0.9774436090225564,no-mist-aug,single-frame
330,single-frame-no-mist-aug,0.3,0.9774436090225564,no-mist-aug,single-frame
331,single-frame-no-mist-aug,0.31,0.9774436090225564,no-mist-aug,single-frame
332,single-frame-no-mist-aug,0.32,0.9774436090225564,no-mist-aug,single-frame
333,single-frame-no-mist-aug,0.33,0.9774436090225564,no-mist-aug,single-frame
334,single-frame-no-mist-aug,0.34,0.9774436090225564,no-mist-aug,single-frame
335,single-frame-no-mist-aug,0.35,0.9774436090225564,no-mist-aug,single-frame
336,single-frame-no-mist-aug,0.36,0.9774436090225564,no-mist-aug,single-frame
337,single-frame-no-mist-aug,0.37,0.9774436090225564,no-mist-aug,single-frame
338,single-frame-no-mist-aug,0.38,0.9774436090225564,no-mist-aug,single-frame
339,single-frame-no-mist-aug,0.39,0.9774436090225564,no-mist-aug,single-frame
340,single-frame-no-mist-aug,0.4,0.9774436090225564,no-mist-aug,single-frame
341,single-frame-no-mist-aug,0.41,0.9774436090225564,no-mist-aug,single-frame
342,single-frame-no-mist-aug,0.42,0.9774436090225564,no-mist-aug,single-frame
343,single-frame-no-mist-aug,0.43,0.9774436090225564,no-mist-aug,single-frame
344,single-frame-no-mist-aug,0.44,0.9774436090225564,no-mist-aug,single-frame
345,single-frame-no-mist-aug,0.45,0.9774436090225564,no-mist-aug,single-frame
346,single-frame-no-mist-aug,0.46,0.9774436090225564,no-mist-aug,single-frame
347,single-frame-no-mist-aug,0.47,0.9774436090225564,no-mist-aug,single-frame
348,single-frame-no-mist-aug,0.48,0.9705882352941176,no-mist-aug,single-frame
349,single-frame-no-mist-aug,0.49,0.9571428571428572,no-mist-aug,single-frame
350,single-frame-no-mist-aug,0.5,0.9223287671232876,no-mist-aug,single-frame
351,single-frame-no-mist-aug,0.51,0.915836559139785,no-mist-aug,single-frame
352,single-frame-no-mist-aug,0.52,0.9088891129032258,no-mist-aug,single-frame
353,single-frame-no-mist-aug,0.53,0.9065670362903224,no-mist-aug,single-frame
354,single-frame-no-mist-aug,0.54,0.898571875,no-mist-aug,single-frame
355,single-frame-no-mist-aug,0.55,0.8896796874999999,no-mist-aug,single-frame
356,single-frame-no-mist-aug,0.56,0.8807875,no-mist-aug,single-frame
357,single-frame-no-mist-aug,0.5700000000000001,0.8677600713012477,no-mist-aug,single-frame
358,single-frame-no-mist-aug,0.58,0.8543308377896613,no-mist-aug,single-frame
359,single-frame-no-mist-aug,0.59,0.8303280900566055,no-mist-aug,single-frame
360,single-frame-no-mist-aug,0.6,0.8017378917089438,no-mist-aug,single-frame
361,single-frame-no-mist-aug,0.61,0.7731476933612822,no-mist-aug,single-frame
362,single-frame-no-mist-aug,0.62,0.7445574950136205,no-mist-aug,single-frame
363,single-frame-no-mist-aug,0.63,0.7159672966659588,no-mist-aug,single-frame
364,single-frame-no-mist-aug,0.64,0.6873770983182972,no-mist-aug,single-frame
365,single-frame-no-mist-aug,0.65,0.6587868999706356,no-mist-aug,single-frame
366,single-frame-no-mist-aug,0.66,0.0,no-mist-aug,single-frame
367,single-frame-no-mist-aug,0.67,0.0,no-mist-aug,single-frame
368,single-frame-no-mist-aug,0.68,0.0,no-mist-aug,single-frame
369,single-frame-no-mist-aug,0.6900000000000001,0.0,no-mist-aug,single-frame
370,single-frame-no-mist-aug,0.7000000000000001,0.0,no-mist-aug,single-frame
371,single-frame-no-mist-aug,0.71,0.0,no-mist-aug,single-frame
372,single-frame-no-mist-aug,0.72,0.0,no-mist-aug,single-frame
373,single-frame-no-mist-aug,0.73,0.0,no-mist-aug,single-frame
374,single-frame-no-mist-aug,0.74,0.0,no-mist-aug,single-frame
375,single-frame-no-mist-aug,0.75,0.0,no-mist-aug,single-frame
376,single-frame-no-mist-aug,0.76,0.0,no-mist-aug,single-frame
377,single-frame-no-mist-aug,0.77,0.0,no-mist-aug,single-frame
378,single-frame-no-mist-aug,0.78,0.0,no-mist-aug,single-frame
379,single-frame-no-mist-aug,0.79,0.0,no-mist-aug,single-frame
380,single-frame-no-mist-aug,0.8,0.0,no-mist-aug,single-frame
381,single-frame-no-mist-aug,0.81,0.0,no-mist-aug,single-frame
382,single-frame-no-mist-aug,0.8200000000000001,0.0,no-mist-aug,single-frame
383,single-frame-no-mist-aug,0.8300000000000001,0.0,no-mist-aug,single-frame
384,single-frame-no-mist-aug,0.84,0.0,no-mist-aug,single-frame
385,single-frame-no-mist-aug,0.85,0.0,no-mist-aug,single-frame
386,single-frame-no-mist-aug,0.86,0.0,no-mist-aug,single-frame
387,single-frame-no-mist-aug,0.87,0.0,no-mist-aug,single-frame
388,single-frame-no-mist-aug,0.88,0.0,no-mist-aug,single-frame
389,single-frame-no-mist-aug,0.89,0.0,no-mist-aug,single-frame
390,single-frame-no-mist-aug,0.9,0.0,no-mist-aug,single-frame
391,single-frame-no-mist-aug,0.91,0.0,no-mist-aug,single-frame
392,single-frame-no-mist-aug,0.92,0.0,no-mist-aug,single-frame
393,single-frame-no-mist-aug,0.93,0.0,no-mist-aug,single-frame
394,single-frame-no-mist-aug,0.94,0.0,no-mist-aug,single-frame
395,single-frame-no-mist-aug,0.95,0.0,no-mist-aug,single-frame
396,single-frame-no-mist-aug,0.96,0.0,no-mist-aug,single-frame
397,single-frame-no-mist-aug,0.97,0.0,no-mist-aug,single-frame
398,single-frame-no-mist-aug,0.98,0.0,no-mist-aug,single-frame
399,single-frame-no-mist-aug,0.99,0.0,no-mist-aug,single-frame
200,single-frame-simple-mist-aug,0.0,1.0,simple-mist-aug,single-frame
201,single-frame-simple-mist-aug,0.01,1.0,simple-mist-aug,single-frame
202,single-frame-simple-mist-aug,0.02,1.0,simple-mist-aug,single-frame
203,single-frame-simple-mist-aug,0.03,1.0,simple-mist-aug,single-frame
204,single-frame-simple-mist-aug,0.04,1.0,simple-mist-aug,single-frame
205,single-frame-simple-mist-aug,0.05,1.0,simple-mist-aug,single-frame
206,single-frame-simple-mist-aug,0.06,1.0,simple-mist-aug,single-frame
207,single-frame-simple-mist-aug,0.07,1.0,simple-mist-aug,single-frame
208,single-frame-simple-mist-aug,0.08,1.0,simple-mist-aug,single-frame
209,single-frame-simple-mist-aug,0.09,1.0,simple-mist-aug,single-frame
210,single-frame-simple-mist-aug,0.1,1.0,simple-mist-aug,single-frame
211,single-frame-simple-mist-aug,0.11,1.0,simple-mist-aug,single-frame
212,single-frame-simple-mist-aug,0.12,1.0,simple-mist-aug,single-frame
213,single-frame-simple-mist-aug,0.13,1.0,simple-mist-aug,single-frame
214,single-frame-simple-mist-aug,0.14,1.0,simple-mist-aug,single-frame
215,single-frame-simple-mist-aug,0.15,1.0,simple-mist-aug,single-frame
216,single-frame-simple-mist-aug,0.16,1.0,simple-mist-aug,single-frame
217,single-frame-simple-mist-aug,0.17,1.0,simple-mist-aug,single-frame
218,single-frame-simple-mist-aug,0.18,1.0,simple-mist-aug,single-frame
219,single-frame-simple-mist-aug,0.19,1.0,simple-mist-aug,single-frame
220,single-frame-simple-mist-aug,0.2,1.0,simple-mist-aug,single-frame
221,single-frame-simple-mist-aug,0.21,1.0,simple-mist-aug,single-frame
222,single-frame-simple-mist-aug,0.22,1.0,simple-mist-aug,single-frame
223,single-frame-simple-mist-aug,0.23,1.0,simple-mist-aug,single-frame
224,single-frame-simple-mist-aug,0.24,1.0,simple-mist-aug,single-frame
225,single-frame-simple-mist-aug,0.25,1.0,simple-mist-aug,single-frame
226,single-frame-simple-mist-aug,0.26,1.0,simple-mist-aug,single-frame
227,single-frame-simple-mist-aug,0.27,1.0,simple-mist-aug,single-frame
228,single-frame-simple-mist-aug,0.28,1.0,simple-mist-aug,single-frame
229,single-frame-simple-mist-aug,0.29,0.9823809523809524,simple-mist-aug,single-frame
230,single-frame-simple-mist-aug,0.3,0.979591836734694,simple-mist-aug,single-frame
231,single-frame-simple-mist-aug,0.31,0.979591836734694,simple-mist-aug,single-frame
232,single-frame-simple-mist-aug,0.32,0.979591836734694,simple-mist-aug,single-frame
233,single-frame-simple-mist-aug,0.33,0.979591836734694,simple-mist-aug,single-frame
234,single-frame-simple-mist-aug,0.34,0.979591836734694,simple-mist-aug,single-frame
235,single-frame-simple-mist-aug,0.35,0.979591836734694,simple-mist-aug,single-frame
236,single-frame-simple-mist-aug,0.36,0.979591836734694,simple-mist-aug,single-frame
237,single-frame-simple-mist-aug,0.37,0.979591836734694,simple-mist-aug,single-frame
238,single-frame-simple-mist-aug,0.38,0.979591836734694,simple-mist-aug,single-frame
239,single-frame-simple-mist-aug,0.39,0.979591836734694,simple-mist-aug,single-frame
240,single-frame-simple-mist-aug,0.4,0.979591836734694,simple-mist-aug,single-frame
241,single-frame-simple-mist-aug,0.41,0.979591836734694,simple-mist-aug,single-frame
242,single-frame-simple-mist-aug,0.42,0.979591836734694,simple-mist-aug,single-frame
243,single-frame-simple-mist-aug,0.43,0.979591836734694,simple-mist-aug,single-frame
244,single-frame-simple-mist-aug,0.44,0.979591836734694,simple-mist-aug,single-frame
245,single-frame-simple-mist-aug,0.45,0.979591836734694,simple-mist-aug,single-frame
246,single-frame-simple-mist-aug,0.46,0.979591836734694,simple-mist-aug,single-frame
247,single-frame-simple-mist-aug,0.47,0.979591836734694,simple-mist-aug,single-frame
248,single-frame-simple-mist-aug,0.48,0.979591836734694,simple-mist-aug,single-frame
249,single-frame-simple-mist-aug,0.49,0.979591836734694,simple-mist-aug,single-frame
250,single-frame-simple-mist-aug,0.5,0.979591836734694,simple-mist-aug,single-frame
251,single-frame-simple-mist-aug,0.51,0.979591836734694,simple-mist-aug,single-frame
252,single-frame-simple-mist-aug,0.52,0.979591836734694,simple-mist-aug,single-frame
253,single-frame-simple-mist-aug,0.53,0.979591836734694,simple-mist-aug,single-frame
254,single-frame-simple-mist-aug,0.54,0.979591836734694,simple-mist-aug,single-frame
255,single-frame-simple-mist-aug,0.55,0.9743589743589745,simple-mist-aug,single-frame
256,single-frame-simple-mist-aug,0.56,0.9743589743589745,simple-mist-aug,single-frame
257,single-frame-simple-mist-aug,0.5700000000000001,0.972994678277697,simple-mist-aug,single-frame
258,single-frame-simple-mist-aug,0.58,0.9558340511053692,simple-mist-aug,single-frame
259,single-frame-simple-mist-aug,0.59,0.9414398507034166,simple-mist-aug,single-frame
260,single-frame-simple-mist-aug,0.6,0.914418604651163,simple-mist-aug,single-frame
261,single-frame-simple-mist-aug,0.61,0.8429922480620158,simple-mist-aug,single-frame
262,single-frame-simple-mist-aug,0.62,0.0,simple-mist-aug,single-frame
263,single-frame-simple-mist-aug,0.63,0.0,simple-mist-aug,single-frame
264,single-frame-simple-mist-aug,0.64,0.0,simple-mist-aug,single-frame
265,single-frame-simple-mist-aug,0.65,0.0,simple-mist-aug,single-frame
266,single-frame-simple-mist-aug,0.66,0.0,simple-mist-aug,single-frame
267,single-frame-simple-mist-aug,0.67,0.0,simple-mist-aug,single-frame
268,single-frame-simple-mist-aug,0.68,0.0,simple-mist-aug,single-frame
269,single-frame-simple-mist-aug,0.6900000000000001,0.0,simple-mist-aug,single-frame
270,single-frame-simple-mist-aug,0.7000000000000001,0.0,simple-mist-aug,single-frame
271,single-frame-simple-mist-aug,0.71,0.0,simple-mist-aug,single-frame
272,single-frame-simple-mist-aug,0.72,0.0,simple-mist-aug,single-frame
273,single-frame-simple-mist-aug,0.73,0.0,simple-mist-aug,single-frame
274,single-frame-simple-mist-aug,0.74,0.0,simple-mist-aug,single-frame
275,single-frame-simple-mist-aug,0.75,0.0,simple-mist-aug,single-frame
276,single-frame-simple-mist-aug,0.76,0.0,simple-mist-aug,single-frame
277,single-frame-simple-mist-aug,0.77,0.0,simple-mist-aug,single-frame
278,single-frame-simple-mist-aug,0.78,0.0,simple-mist-aug,single-frame
279,single-frame-simple-mist-aug,0.79,0.0,simple-mist-aug,single-frame
280,single-frame-simple-mist-aug,0.8,0.0,simple-mist-aug,single-frame
281,single-frame-simple-mist-aug,0.81,0.0,simple-mist-aug,single-frame
282,single-frame-simple-mist-aug,0.8200000000000001,0.0,simple-mist-aug,single-frame
283,single-frame-simple-mist-aug,0.8300000000000001,0.0,simple-mist-aug,single-frame
284,single-frame-simple-mist-aug,0.84,0.0,simple-mist-aug,single-frame
285,single-frame-simple-mist-aug,0.85,0.0,simple-mist-aug,single-frame
286,single-frame-simple-mist-aug,0.86,0.0,simple-mist-aug,single-frame
287,single-frame-simple-mist-aug,0.87,0.0,simple-mist-aug,single-frame
288,single-frame-simple-mist-aug,0.88,0.0,simple-mist-aug,single-frame
289,single-frame-simple-mist-aug,0.89,0.0,simple-mist-aug,single-frame
290,single-frame-simple-mist-aug,0.9,0.0,simple-mist-aug,single-frame
291,single-frame-simple-mist-aug,0.91,0.0,simple-mist-aug,single-frame
292,single-frame-simple-mist-aug,0.92,0.0,simple-mist-aug,single-frame
293,single-frame-simple-mist-aug,0.93,0.0,simple-mist-aug,single-frame
294,single-frame-simple-mist-aug,0.94,0.0,simple-mist-aug,single-frame
295,single-frame-simple-mist-aug,0.95,0.0,simple-mist-aug,single-frame
296,single-frame-simple-mist-aug,0.96,0.0,simple-mist-aug,single-frame
297,single-frame-simple-mist-aug,0.97,0.0,simple-mist-aug,single-frame
298,single-frame-simple-mist-aug,0.98,0.0,simple-mist-aug,single-frame
299,single-frame-simple-mist-aug,0.99,0.0,simple-mist-aug,single-frame
